{
  "main.go": 1775856238.808163,
  "GEMINI.md": 1775858207.858078
}